{
  "name": "Flexoki-Dark",
  "comment": "an inky color scheme for prose and code",
  "background-color": "#100f0f",
  "foreground-color": "#FFFCF0",
  "badge-color": "#3AA99F",
  "bold-color": "#3AA99F",
  "cursor-background-color": "#FFFCF0",
  "cursor-foreground-color": "#100F0F",
  "highlight-background-color": "#403E3C",
  "highlight-foreground-color": "#FFFCF0",
  "palette": [
    "#100F0F",
    "#D14D41",
    "#879A39",
    "#D0A215",
    "#8B7EC8",
    "#CE5D97",
    "#3AA99F",
    "#878580",
    "#100F0F",
    "#AF3029",
    "#66800B",
    "#AD8301",
    "#5E409D",
    "#A02F6F",
    "#24837B",
    "#6F6E69"
  ],
  "use-badge-color": false,
  "use-bold-color": false,
  "use-cursor-color": true,
  "use-highlight-color": true,
  "use-theme-colors": false
}
